測試照片,原始檔名
直銑_5000-0_2.0276.jpg,20260630164127828.jpg
直銑_5000-11_1.1306.jpg,20260916163649741.jpg
直銑_5000-12_1.818.jpg,20260916164648789.jpg
直銑_5000-13_1.5792.jpg,20260916171356501.jpg
直銑_5000-14_1.7494.jpg,20260917133809728.jpg
直銑_5000-15_1.9058.jpg,20260917135256858.jpg
直銑_5000-16_2.1616.jpg,20260917140334576.jpg
直銑_5000-17_1.978.jpg,20260917142027361.jpg
直銑_5000-18_2.1628.jpg,20260917145916904.jpg
直銑_5000-1_1.6932.jpg,20260630170130981.jpg
直銑_5000-2_1.7772.jpg,20260701143616162.jpg
直銑_5000-3_2.0786.jpg,20260701150039246.jpg
直銑_7000-0.5_2.3746.jpg,20260629170849681.jpg
直銑_7000-0_3.1566.jpg,20260629163731032.jpg
直銑_7000-10_1.2726.jpg,20260916160043423.jpg
直銑_7000-1_1.0238.jpg,20260721142328536.jpg
直銑_7000-2_1.321.jpg,20260721145534594.jpg
直銑_7000-3_1.565.jpg,20260721151741132.jpg
直銑_7000-4_1.0698.jpg,20260721153751928.jpg
直銑_7000-5_1.0558.jpg,20260721155701778.jpg
直銑_7000-6_1.6996.jpg,20260916145018655.jpg
直銑_7000-7_1.7408.jpg,20260916150031263.jpg
直銑_7000-8_1.443.jpg,20260916153134615.jpg
直銑_7000-9_1.4448.jpg,20260916154003375.jpg
直銑_9000-1_0.9086.jpg,20260716151605445.jpg
直銑_9000-2_1.2042.jpg,20260716162534043.jpg
直銑_9000-3_0.7202.jpg,20260716171309735.jpg
直銑_9000-4_1.392.jpg,20260717143807896.jpg
直銑_9000-5_1.473.jpg,20260717151727220.jpg
直銑_9000-6_1.29.jpg,20260717154410932.jpg
直銑_9000-7_1.021.jpg,20260717160446634.jpg
直銑_9000-8_1.2878.jpg,20260720145231258.jpg
直銑_9000-9_1.1274.jpg,20260720162450010.jpg
立銑_5000-10_2.0156.jpg,20260730143810392.jpg
立銑_5000-1_1.4786.jpg,20260728145046727.jpg
立銑_5000-2_1.515.jpg,20260728152237421.jpg
立銑_5000-3_1.5086.jpg,20260728154113361.jpg
立銑_5000-4_1.19.jpg,20260728160032040.jpg
立銑_5000-5_1.5132.jpg,20260728162210145.jpg
立銑_5000-6_1.5084.jpg,20260729145854557.jpg
立銑_5000-7.5_1.4602.jpg,20260729163742975.jpg
立銑_5000-7_1.4602.jpg,20260729163408394.jpg
立銑_5000-8_2.1068.jpg,20260730140539146.jpg
立銑_5000-9_2.0038.jpg,20260730142115397.jpg
立銑_7000-10_1.7792.jpg,20260909143230639.jpg
立銑_7000-11_1.579.jpg,20260909145609715.jpg
立銑_7000-1_1.8972.jpg,20260723140213294.jpg
立銑_7000-2_1.6492.jpg,20260723142753324.jpg
立銑_7000-3_1.462.jpg,20260723145124765.jpg
立銑_7000-4_1.752.jpg,20260723151518066.jpg
立銑_7000-5_1.662.jpg,20260728141855954.jpg
立銑_7000-6_2.0548.jpg,20260909114704328.jpg
立銑_7000-7_1.4974.jpg,20260909121402110.jpg
立銑_7000-8_1.7248.jpg,20260909123714178.jpg
立銑_7000-9_1.5922.jpg,20260909140457131.jpg
立銑_9000-10_1.0256.jpg,20260910160333893.jpg
立銑_9000-11_0.3328.jpg,20260817163223075.jpg
立銑_9000-12_0.43.jpg,20260821151450986.jpg
立銑_9000-1_0.9436.jpg,20260910114259123.jpg
立銑_9000-2_1.1242.jpg,20260910132844183.jpg
立銑_9000-3_1.3222.jpg,20260910134820297.jpg
立銑_9000-4_0.8856.jpg,20260910140846626.jpg
立銑_9000-5_1.0288.jpg,20260910144253379.jpg
立銑_9000-6_1.3216.jpg,20260910150941039.jpg
立銑_9000-7_1.1508.jpg,20260910151334062.jpg
立銑_9000-8_1.363.jpg,20260910153318109.jpg
立銑_9000-9_0.9638.jpg,20260910154050405.jpg
